<?xml version='1.0' encoding='UTF-8' ?>
<timeLogEntries>
  <time id="1" path="/Proyecto/Ahorcado/PSP0.1/Planning" start="@1638867770977" delta="11" flag="A" />
  <time id="2" path="/Proyecto/Ahorcado/PSP0.1/Design" start="@1638868440960" delta="20" flag="A" />
  <time id="3" path="/Proyecto/Ahorcado/PSP0.1/Code" start="@1638869638883" delta="81" flag="A" />
  <time id="4" path="/Proyecto/Ahorcado/PSP0.1/Code" start="@1638874509108" delta="16" flag="A" />
  <time id="5" path="/Proyecto/Ahorcado/PSP0.1/Compile" start="@1638875448359" delta="9" flag="A" />
  <time id="6" path="/Proyecto/Ahorcado/PSP0.1/Test" start="@1638875978551" delta="11" flag="A" />
  <time id="7" path="/Proyecto/Ahorcado/PSP0.1/Code" start="@1638876641263" delta="1" flag="A" />
  <time id="8" path="/Proyecto/Ahorcado/PSP0.1/Design" start="@1638876644510" delta="1" flag="A" />
  <time id="9" path="/Proyecto/Ahorcado/PSP0.1/Test" start="@1638876648814" delta="31" flag="A" />
  <time id="10" path="/Proyecto/Ahorcado/PSP0.1/Postmortem" start="@1638878557641" flag="A" />
</timeLogEntries>
